{"cameraMode":{"drawMode":0,"name":"Shaded","section":"Shading Mode"},"sceneLighting":true,"audioPlay":false,"sceneViewState":{"m_AlwaysRefresh":false,"showFog":true,"showSkybox":true,"showFlares":true,"showImageEffects":true,"showParticleSystems":true,"showVisualEffectGraphs":true,"m_FxEnabled":true},"in2DMode":false,"pivot":{"x":-14.849010467529297,"y":8.64801025390625,"z":0.936673104763031},"rotation":{"x":-0.09614916890859604,"y":-0.7026098966598511,"z":0.09672696143388748,"w":-0.6984012722969055},"size":0.002247914904728532,"orthographic":false}