{"cameraMode":{"drawMode":0,"name":"Shaded","section":"Shading Mode"},"sceneLighting":false,"audioPlay":false,"sceneViewState":{"m_AlwaysRefresh":false,"showFog":true,"showSkybox":false,"showFlares":true,"showImageEffects":true,"showParticleSystems":true,"showVisualEffectGraphs":true,"m_FxEnabled":true},"in2DMode":false,"pivot":{"x":-24.246492385864259,"y":-13.788540840148926,"z":15.299737930297852},"rotation":{"x":0.19261988997459413,"y":-0.4746248126029968,"z":0.10728999972343445,"w":0.8521358370780945},"size":25.219528198242189,"orthographic":false}